display_name,symbol_code,date,close,source,decimals,formatted_close
A50ETF,159593.SZ,2026-10-09,1.281,sina,3,1.281
中证2000ETF,563300.SS,2026-10-09,1.403,sina,3,1.403
创业板50ETF,159949.SZ,2026-10-09,1.417,sina,3,1.417
印度,^BSESN,2026-10-09,72472.328125,yahoo,2,72472.33
原油(WTI),CL=F,2026-10-09,91.8499984741211,yahoo,2,91.85
德国DAX,^GDAXI,2026-10-09,25087.26953125,yahoo,2,25087.27
恒生指数,^HSI,2026-10-09,24211.349609375,yahoo,2,24211.35
标普500,^GSPC,2026-10-09,7811.5400390625,yahoo,2,7811.54
油气指数(XOP),XOP,2026-10-09,191.52000427246094,yahoo,2,191.52
科创50ETF,588000.SS,2026-10-09,1.541,sina,3,1.541
纳斯达克,^IXIC,2026-10-09,27366.169921875,yahoo,2,27366.17
豆粕期货,KQ.i@DCE.m,2026-10-08,3276.0,tqsdk,2,3276.00
黄金,GC=F,2026-10-09,4216.2998046875,yahoo,2,4216.30
