display_name,symbol_code,source,decimals,record_count,first_date,last_date,min_price,max_price,avg_price
A50ETF,159593.SZ,sina,3,622,2024-03-12,2026-09-30,0.93,1.446,1.2
中证2000ETF,563300.SS,sina,3,737,2023-09-14,2026-09-30,0.706,1.664,1.14
创业板50ETF,159949.SZ,sina,3,1023,2022-07-15,2026-09-30,0.65,2.115,1.1
印度,^BSESN,yahoo,2,2494,2016-08-22,2026-10-07,25765.140625,85836.1171875,53848.43
原油(WTI),CL=F,yahoo,2,2546,2016-08-22,2026-10-07,10.010000228881836,123.69999694824219,66.62
德国DAX,^GDAXI,yahoo,2,2571,2016-08-22,2026-10-07,8441.7099609375,26569.990234375,15654.01
恒生指数,^HSI,yahoo,2,2492,2016-08-22,2026-10-07,14687.01953125,33154.12109375,24140.14
标普500,^GSPC,yahoo,2,2546,2016-08-22,2026-10-07,2085.179931640625,7818.93017578125,4141.59
油气指数(XOP),XOP,yahoo,2,2546,2016-08-22,2026-10-07,26.045072555541992,199.6999969482422,112.05
科创50ETF,588000.SS,sina,3,1023,2022-07-15,2026-09-30,0.674,2.344,1.15
纳斯达克,^IXIC,yahoo,2,2546,2016-08-22,2026-10-07,5046.3701171875,27599.7890625,12834.16
豆粕期货,KQ.i@DCE.m,tqsdk,2,2456,2016-08-21,2026-10-07,2504.0,4332.0,3152.14
黄金,GC=F,yahoo,2,2547,2016-08-22,2026-10-07,1127.800048828125,5318.39990234375,2074.71
