display_name,week,week_start,week_end,week_low,week_high,week_avg
A50ETF,2026-16,2026-04-20,2026-04-22,1.382,1.397,1.39
A50ETF,2026-15,2026-04-13,2026-04-17,1.352,1.387,1.37
A50ETF,2026-14,2026-04-07,2026-04-10,1.289,1.351,1.33
A50ETF,2026-13,2026-03-30,2026-04-03,1.294,1.315,1.3
A50ETF,2026-12,2026-03-23,2026-03-27,1.281,1.31,1.3
A50ETF,2026-11,2026-03-16,2026-03-20,1.317,1.341,1.33
A50ETF,2026-10,2026-03-09,2026-03-13,1.312,1.346,1.33
A50ETF,2026-09,2026-03-02,2026-03-06,1.305,1.344,1.32
A50ETF,2026-08,2026-02-24,2026-02-27,1.34,1.358,1.35
A50ETF,2026-06,2026-02-09,2026-02-13,1.337,1.358,1.35
A50ETF,2026-05,2026-02-02,2026-02-06,1.316,1.35,1.34
A50ETF,2026-04,2026-01-26,2026-01-30,1.335,1.36,1.34
A50ETF,2026-03,2026-01-19,2026-01-23,1.331,1.354,1.34
A50ETF,2026-02,2026-01-12,2026-01-16,1.358,1.373,1.36
A50ETF,2026-01,2026-01-05,2026-01-09,1.368,1.393,1.38
A50ETF,2025-52,2025-12-29,2025-12-31,1.341,1.349,1.34
A50ETF,2025-51,2025-12-22,2025-12-26,1.341,1.355,1.35
A50ETF,2025-50,2025-12-15,2025-12-19,1.31,1.33,1.32
A50ETF,2025-49,2025-12-08,2025-12-12,1.321,1.341,1.33
A50ETF,2025-48,2025-12-01,2025-12-05,1.313,1.335,1.32
A50ETF,2025-47,2025-11-24,2025-11-28,1.297,1.312,1.31
A50ETF,2025-46,2025-11-17,2025-11-21,1.297,1.332,1.32
A50ETF,2025-45,2025-11-10,2025-11-14,1.338,1.36,1.35
A50ETF,2025-44,2025-11-03,2025-11-07,1.325,1.342,1.33
A50ETF,2025-43,2025-10-27,2025-10-31,1.342,1.364,1.35
A50ETF,2025-42,2025-10-20,2025-10-24,1.324,1.347,1.34
A50ETF,2025-41,2025-10-13,2025-10-17,1.321,1.348,1.34
A50ETF,2025-40,2025-10-09,2025-10-10,1.347,1.38,1.36
A50ETF,2025-39,2025-09-29,2025-09-30,1.35,1.356,1.35
A50ETF,2025-38,2025-09-22,2025-09-26,1.314,1.342,1.33
A50ETF,2025-37,2025-09-15,2025-09-19,1.306,1.324,1.31
A50ETF,2025-36,2025-09-08,2025-09-12,1.291,1.311,1.3
A50ETF,2025-35,2025-09-01,2025-09-05,1.268,1.298,1.29
A50ETF,2025-34,2025-08-25,2025-08-29,1.259,1.304,1.28
A50ETF,2025-33,2025-08-18,2025-08-22,1.214,1.262,1.24
A50ETF,2025-32,2025-08-11,2025-08-15,1.2,1.221,1.21
A50ETF,2025-31,2025-08-04,2025-08-08,1.193,1.2,1.2
A50ETF,2025-30,2025-07-28,2025-08-01,1.19,1.226,1.21
A50ETF,2025-29,2025-07-21,2025-07-25,1.202,1.225,1.22
A50ETF,2025-28,2025-07-14,2025-07-18,1.173,1.192,1.18
A50ETF,2025-27,2025-07-07,2025-07-11,1.161,1.183,1.17
A50ETF,2025-26,2025-06-30,2025-07-04,1.154,1.168,1.16
A50ETF,2025-25,2025-06-23,2025-06-27,1.129,1.159,1.15
A50ETF,2025-24,2025-06-16,2025-06-20,1.125,1.138,1.13
A50ETF,2025-23,2025-06-09,2025-06-13,1.133,1.145,1.14
A50ETF,2025-22,2025-06-03,2025-06-06,1.137,1.142,1.14
A50ETF,2025-21,2025-05-26,2025-05-30,1.139,1.149,1.14
A50ETF,2025-20,2025-05-19,2025-05-23,1.153,1.167,1.16
A50ETF,2025-19,2025-05-12,2025-05-16,1.152,1.17,1.16
A50ETF,2025-18,2025-05-06,2025-05-09,1.121,1.137,1.13
A50ETF,2025-17,2025-04-28,2025-04-30,1.113,1.118,1.11
A50ETF,2025-16,2025-04-21,2025-04-25,1.113,1.12,1.12
A50ETF,2025-15,2025-04-14,2025-04-18,1.106,1.111,1.11
A50ETF,2025-14,2025-04-07,2025-04-11,1.059,1.106,1.08
A50ETF,2025-13,2025-03-31,2025-04-03,1.136,1.152,1.15
A50ETF,2025-12,2025-03-24,2025-03-28,1.159,1.165,1.16
A50ETF,2025-11,2025-03-17,2025-03-21,1.152,1.187,1.17
A50ETF,2025-10,2025-03-10,2025-03-14,1.144,1.178,1.15
A50ETF,2025-09,2025-03-03,2025-03-07,1.137,1.154,1.14
A50ETF,2025-08,2025-02-24,2025-02-28,1.141,1.161,1.15
A50ETF,2025-07,2025-02-17,2025-02-21,1.145,1.164,1.15
A50ETF,2025-06,2025-02-10,2025-02-14,1.129,1.153,1.14
A50ETF,2025-05,2025-02-05,2025-02-07,1.108,1.135,1.12
A50ETF,2025-04,2025-01-27,2025-01-27,1.115,1.115,1.11
A50ETF,2025-03,2025-01-20,2025-01-24,1.105,1.123,1.11
A50ETF,2025-02,2025-01-13,2025-01-17,1.088,1.115,1.11
A50ETF,2025-01,2025-01-06,2025-01-10,1.091,1.104,1.1
A50ETF,2025-00,2025-01-02,2025-01-03,1.104,1.114,1.11
A50ETF,2024-53,2024-12-30,2024-12-31,1.152,1.162,1.16
A50ETF,2024-52,2024-12-23,2024-12-27,1.144,1.161,1.16
A50ETF,2024-51,2024-12-16,2024-12-20,1.134,1.15,1.14
A50ETF,2024-50,2024-12-09,2024-12-13,1.139,1.171,1.16
A50ETF,2024-49,2024-12-02,2024-12-06,1.13,1.152,1.14
A50ETF,2024-48,2024-11-25,2024-11-29,1.119,1.137,1.13
A50ETF,2024-47,2024-11-18,2024-11-22,1.128,1.165,1.16
A50ETF,2024-46,2024-11-11,2024-11-15,1.163,1.208,1.19
A50ETF,2024-45,2024-11-04,2024-11-08,1.159,1.213,1.19
A50ETF,2024-44,2024-10-28,2024-11-01,1.137,1.162,1.15
A50ETF,2024-43,2024-10-21,2024-10-25,1.154,1.167,1.16
A50ETF,2024-42,2024-10-14,2024-10-18,1.107,1.164,1.13
A50ETF,2024-41,2024-10-08,2024-10-11,1.142,1.273,1.19
A50ETF,2024-40,2024-09-30,2024-09-30,1.195,1.195,1.2
A50ETF,2024-39,2024-09-23,2024-09-27,0.943,1.103,1.02
A50ETF,2024-38,2024-09-18,2024-09-20,0.933,0.942,0.94
A50ETF,2024-37,2024-09-09,2024-09-13,0.93,0.936,0.93
A50ETF,2024-36,2024-09-02,2024-09-06,0.948,0.958,0.95
A50ETF,2024-35,2024-08-26,2024-08-30,0.953,0.97,0.96
A50ETF,2024-34,2024-08-19,2024-08-23,0.955,0.962,0.96
A50ETF,2024-33,2024-08-12,2024-08-16,0.949,0.961,0.96
A50ETF,2024-32,2024-08-05,2024-08-09,0.957,0.968,0.96
A50ETF,2024-31,2024-07-29,2024-08-02,0.969,0.991,0.98
A50ETF,2024-30,2024-07-22,2024-07-26,0.98,1.014,0.99
A50ETF,2024-29,2024-07-15,2024-07-19,0.997,1.021,1.01
A50ETF,2024-28,2024-07-08,2024-07-12,0.971,1.0,0.98
A50ETF,2024-27,2024-07-01,2024-07-05,0.98,0.987,0.98
A50ETF,2024-26,2024-06-24,2024-06-28,0.985,0.991,0.99
A50ETF,2024-25,2024-06-17,2024-06-21,0.991,1.001,1.0
A50ETF,2024-24,2024-06-11,2024-06-14,1.0,1.008,1.0
A50ETF,2024-23,2024-06-03,2024-06-07,1.014,1.029,1.02
A50ETF,2024-22,2024-05-27,2024-05-31,1.017,1.031,1.02
A50ETF,2024-21,2024-05-20,2024-05-24,1.024,1.049,1.04
A50ETF,2024-20,2024-05-13,2024-05-17,1.029,1.048,1.04
A50ETF,2024-19,2024-05-06,2024-05-10,1.033,1.045,1.04
A50ETF,2024-18,2024-04-29,2024-04-30,1.026,1.031,1.03
A50ETF,2024-17,2024-04-22,2024-04-26,0.996,1.02,1.0
A50ETF,2024-16,2024-04-15,2024-04-19,1.0,1.009,1.0
A50ETF,2024-15,2024-04-08,2024-04-12,0.981,1.003,0.99
A50ETF,2024-14,2024-04-01,2024-04-03,1.009,1.017,1.01
A50ETF,2024-13,2024-03-25,2024-03-29,0.99,1.0,1.0
A50ETF,2024-12,2024-03-18,2024-03-22,0.996,1.013,1.01
A50ETF,2024-11,2024-03-12,2024-03-15,1.007,1.018,1.01
中证2000ETF,2026-16,2026-04-20,2026-04-22,1.54,1.557,1.55
中证2000ETF,2026-15,2026-04-13,2026-04-17,1.478,1.534,1.5
中证2000ETF,2026-14,2026-04-07,2026-04-10,1.411,1.475,1.46
中证2000ETF,2026-13,2026-03-30,2026-04-03,1.394,1.445,1.42
中证2000ETF,2026-12,2026-03-23,2026-03-27,1.356,1.437,1.41
中证2000ETF,2026-11,2026-03-16,2026-03-20,1.43,1.517,1.48
中证2000ETF,2026-10,2026-03-09,2026-03-13,1.509,1.548,1.53
中证2000ETF,2026-09,2026-03-02,2026-03-06,1.475,1.539,1.5
中证2000ETF,2026-08,2026-02-24,2026-02-27,1.523,1.567,1.55
中证2000ETF,2026-06,2026-02-09,2026-02-13,1.503,1.512,1.51
中证2000ETF,2026-05,2026-02-02,2026-02-06,1.455,1.493,1.48
中证2000ETF,2026-04,2026-01-26,2026-01-30,1.492,1.527,1.51
中证2000ETF,2026-03,2026-01-19,2026-01-23,1.479,1.539,1.5
中证2000ETF,2026-02,2026-01-12,2026-01-16,1.468,1.494,1.48
中证2000ETF,2026-01,2026-01-05,2026-01-09,1.39,1.453,1.42
中证2000ETF,2025-52,2025-12-29,2025-12-31,1.365,1.368,1.37
中证2000ETF,2025-51,2025-12-22,2025-12-26,1.332,1.372,1.35
中证2000ETF,2025-50,2025-12-15,2025-12-19,1.293,1.328,1.31
中证2000ETF,2025-49,2025-12-08,2025-12-12,1.314,1.341,1.33
中证2000ETF,2025-48,2025-12-01,2025-12-05,1.298,1.324,1.31
中证2000ETF,2025-47,2025-11-24,2025-11-28,1.271,1.316,1.29
中证2000ETF,2025-46,2025-11-17,2025-11-21,1.25,1.345,1.31
中证2000ETF,2025-45,2025-11-10,2025-11-14,1.334,1.349,1.34
中证2000ETF,2025-44,2025-11-03,2025-11-07,1.313,1.333,1.32
中证2000ETF,2025-43,2025-10-27,2025-10-31,1.306,1.33,1.32
中证2000ETF,2025-42,2025-10-20,2025-10-24,1.28,1.311,1.3
中证2000ETF,2025-41,2025-10-13,2025-10-17,1.256,1.309,1.29
中证2000ETF,2025-40,2025-10-09,2025-10-10,1.305,1.315,1.31
中证2000ETF,2025-39,2025-09-29,2025-09-30,1.303,1.305,1.3
中证2000ETF,2025-38,2025-09-22,2025-09-26,1.291,1.319,1.31
中证2000ETF,2025-37,2025-09-15,2025-09-19,1.305,1.33,1.32
中证2000ETF,2025-36,2025-09-08,2025-09-12,1.29,1.316,1.3
中证2000ETF,2025-35,2025-09-01,2025-09-05,1.259,1.325,1.29
中证2000ETF,2025-34,2025-08-25,2025-08-29,1.304,1.334,1.32
中证2000ETF,2025-33,2025-08-18,2025-08-22,1.302,1.325,1.32
中证2000ETF,2025-32,2025-08-11,2025-08-15,1.255,1.28,1.27
中证2000ETF,2025-31,2025-08-04,2025-08-08,1.227,1.251,1.24
中证2000ETF,2025-30,2025-07-28,2025-08-01,1.203,1.225,1.21
中证2000ETF,2025-29,2025-07-21,2025-07-25,1.197,1.213,1.21
中证2000ETF,2025-28,2025-07-14,2025-07-18,1.171,1.19,1.18
中证2000ETF,2025-27,2025-07-07,2025-07-11,1.151,1.175,1.17
中证2000ETF,2025-26,2025-06-30,2025-07-04,1.145,1.16,1.15
中证2000ETF,2025-25,2025-06-23,2025-06-27,1.104,1.138,1.13
中证2000ETF,2025-24,2025-06-16,2025-06-20,1.082,1.117,1.1
中证2000ETF,2025-23,2025-06-09,2025-06-13,1.106,1.129,1.12
中证2000ETF,2025-22,2025-06-03,2025-06-06,1.1,1.116,1.11
中证2000ETF,2025-21,2025-05-26,2025-05-30,1.089,1.113,1.1
中证2000ETF,2025-20,2025-05-19,2025-05-23,1.077,1.11,1.09
中证2000ETF,2025-19,2025-05-12,2025-05-16,1.082,1.1,1.09
中证2000ETF,2025-18,2025-05-06,2025-05-09,1.081,1.1,1.09
中证2000ETF,2025-17,2025-04-28,2025-04-30,1.028,1.05,1.04
中证2000ETF,2025-16,2025-04-21,2025-04-25,1.039,1.052,1.04
中证2000ETF,2025-15,2025-04-14,2025-04-18,1.012,1.033,1.02
中证2000ETF,2025-14,2025-04-07,2025-04-11,0.945,1.01,0.98
中证2000ETF,2025-13,2025-03-31,2025-04-03,1.081,1.095,1.09
中证2000ETF,2025-12,2025-03-24,2025-03-28,1.093,1.116,1.11
中证2000ETF,2025-11,2025-03-17,2025-03-21,1.134,1.162,1.15
中证2000ETF,2025-10,2025-03-10,2025-03-14,1.128,1.147,1.14
中证2000ETF,2025-09,2025-03-03,2025-03-07,1.095,1.142,1.12
中证2000ETF,2025-08,2025-02-24,2025-02-28,1.093,1.146,1.13
中证2000ETF,2025-07,2025-02-17,2025-02-21,1.068,1.129,1.1
中证2000ETF,2025-06,2025-02-10,2025-02-14,1.078,1.097,1.08
中证2000ETF,2025-05,2025-02-05,2025-02-07,1.018,1.06,1.04
中证2000ETF,2025-04,2025-01-27,2025-01-27,1.006,1.006,1.01
中证2000ETF,2025-03,2025-01-20,2025-01-24,1.005,1.021,1.01
中证2000ETF,2025-02,2025-01-13,2025-01-17,0.955,1.01,1.0
中证2000ETF,2025-01,2025-01-06,2025-01-10,0.952,0.984,0.97
中证2000ETF,2025-00,2025-01-02,2025-01-03,0.96,1.003,0.98
中证2000ETF,2024-53,2024-12-30,2024-12-31,1.016,1.047,1.03
中证2000ETF,2024-52,2024-12-23,2024-12-27,1.036,1.06,1.05
中证2000ETF,2024-51,2024-12-16,2024-12-20,1.075,1.122,1.09
中证2000ETF,2024-50,2024-12-09,2024-12-13,1.111,1.152,1.13
中证2000ETF,2024-49,2024-12-02,2024-12-06,1.084,1.116,1.1
中证2000ETF,2024-48,2024-11-25,2024-11-29,1.031,1.08,1.05
中证2000ETF,2024-47,2024-11-18,2024-11-22,1.002,1.061,1.04
中证2000ETF,2024-46,2024-11-11,2024-11-15,1.036,1.103,1.07
中证2000ETF,2024-45,2024-11-04,2024-11-08,1.008,1.077,1.05
中证2000ETF,2024-44,2024-10-28,2024-11-01,0.981,1.028,1.01
中证2000ETF,2024-43,2024-10-21,2024-10-25,0.961,0.992,0.97
中证2000ETF,2024-42,2024-10-14,2024-10-18,0.903,0.945,0.92
中证2000ETF,2024-41,2024-10-08,2024-10-11,0.886,1.037,0.94
中证2000ETF,2024-40,2024-09-30,2024-09-30,0.958,0.958,0.96
中证2000ETF,2024-39,2024-09-23,2024-09-27,0.747,0.881,0.8
中证2000ETF,2024-38,2024-09-18,2024-09-20,0.73,0.75,0.74
中证2000ETF,2024-37,2024-09-09,2024-09-13,0.735,0.752,0.75
中证2000ETF,2024-36,2024-09-02,2024-09-06,0.754,0.768,0.76
中证2000ETF,2024-35,2024-08-26,2024-08-30,0.738,0.769,0.75
中证2000ETF,2024-34,2024-08-19,2024-08-23,0.741,0.773,0.76
中证2000ETF,2024-33,2024-08-12,2024-08-16,0.766,0.779,0.77
中证2000ETF,2024-32,2024-08-05,2024-08-09,0.763,0.78,0.77
中证2000ETF,2024-31,2024-07-29,2024-08-02,0.759,0.795,0.78
中证2000ETF,2024-30,2024-07-22,2024-07-26,0.743,0.769,0.75
中证2000ETF,2024-29,2024-07-15,2024-07-19,0.762,0.775,0.77
中证2000ETF,2024-28,2024-07-08,2024-07-12,0.755,0.792,0.77
中证2000ETF,2024-27,2024-07-01,2024-07-05,0.771,0.801,0.79
中证2000ETF,2024-26,2024-06-24,2024-06-28,0.785,0.807,0.79
中证2000ETF,2024-25,2024-06-17,2024-06-21,0.816,0.841,0.83
中证2000ETF,2024-24,2024-06-11,2024-06-14,0.823,0.835,0.83
中证2000ETF,2024-23,2024-06-03,2024-06-07,0.818,0.861,0.84
中证2000ETF,2024-22,2024-05-27,2024-05-31,0.871,0.883,0.88
中证2000ETF,2024-21,2024-05-20,2024-05-24,0.875,0.906,0.89
中证2000ETF,2024-20,2024-05-13,2024-05-17,0.89,0.903,0.9
中证2000ETF,2024-19,2024-05-06,2024-05-10,0.903,0.915,0.91
中证2000ETF,2024-18,2024-04-29,2024-04-30,0.894,0.903,0.9
中证2000ETF,2024-17,2024-04-22,2024-04-26,0.846,0.88,0.86
中证2000ETF,2024-16,2024-04-15,2024-04-19,0.827,0.864,0.85
中证2000ETF,2024-15,2024-04-08,2024-04-12,0.892,0.916,0.9
中证2000ETF,2024-14,2024-04-01,2024-04-03,0.919,0.932,0.93
中证2000ETF,2024-13,2024-03-25,2024-03-29,0.881,0.914,0.9
中证2000ETF,2024-12,2024-03-18,2024-03-22,0.933,0.946,0.94
中证2000ETF,2024-11,2024-03-11,2024-03-15,0.908,0.924,0.91
中证2000ETF,2024-10,2024-03-04,2024-03-08,0.872,0.886,0.88
中证2000ETF,2024-09,2024-02-26,2024-03-01,0.832,0.893,0.87
中证2000ETF,2024-08,2024-02-19,2024-02-23,0.799,0.856,0.82
中证2000ETF,2024-06,2024-02-05,2024-02-08,0.706,0.783,0.73
中证2000ETF,2024-05,2024-01-29,2024-02-02,0.769,0.885,0.83
中证2000ETF,2024-04,2024-01-22,2024-01-26,0.874,0.922,0.9
中证2000ETF,2024-03,2024-01-15,2024-01-19,0.933,0.977,0.96
中证2000ETF,2024-02,2024-01-08,2024-01-12,0.965,0.987,0.97
中证2000ETF,2024-01,2024-01-02,2024-01-05,0.983,1.011,1.0
中证2000ETF,2023-52,2023-12-25,2023-12-29,0.963,1.011,0.98
中证2000ETF,2023-51,2023-12-18,2023-12-22,0.978,0.995,0.99
中证2000ETF,2023-50,2023-12-11,2023-12-15,1.007,1.019,1.01
中证2000ETF,2023-49,2023-12-04,2023-12-08,1.002,1.033,1.02
中证2000ETF,2023-48,2023-11-27,2023-12-01,1.025,1.037,1.03
中证2000ETF,2023-47,2023-11-20,2023-11-24,1.026,1.05,1.04
中证2000ETF,2023-46,2023-11-13,2023-11-17,1.023,1.042,1.03
中证2000ETF,2023-45,2023-11-06,2023-11-10,1.005,1.02,1.01
中证2000ETF,2023-44,2023-10-30,2023-11-03,0.972,0.985,0.98
中证2000ETF,2023-43,2023-10-23,2023-10-27,0.919,0.975,0.95
中证2000ETF,2023-42,2023-10-16,2023-10-20,0.946,0.983,0.97
中证2000ETF,2023-41,2023-10-09,2023-10-13,0.988,0.996,0.99
中证2000ETF,2023-39,2023-09-25,2023-09-28,0.979,0.994,0.98
中证2000ETF,2023-38,2023-09-18,2023-09-22,0.964,0.994,0.98
中证2000ETF,2023-37,2023-09-14,2023-09-15,0.986,0.987,0.99
创业板50ETF,2026-16,2026-04-20,2026-04-22,1.761,1.805,1.78
创业板50ETF,2026-15,2026-04-13,2026-04-17,1.654,1.762,1.7
创业板50ETF,2026-14,2026-04-07,2026-04-10,1.491,1.636,1.57
创业板50ETF,2026-13,2026-03-30,2026-04-03,1.485,1.544,1.51
创业板50ETF,2026-12,2026-03-23,2026-03-27,1.533,1.57,1.55
创业板50ETF,2026-11,2026-03-16,2026-03-20,1.541,1.59,1.57
创业板50ETF,2026-10,2026-03-09,2026-03-13,1.504,1.575,1.55
创业板50ETF,2026-09,2026-03-02,2026-03-06,1.486,1.544,1.51
创业板50ETF,2026-08,2026-02-24,2026-02-27,1.548,1.576,1.56
创业板50ETF,2026-06,2026-02-09,2026-02-13,1.537,1.568,1.55
创业板50ETF,2026-05,2026-02-02,2026-02-06,1.519,1.565,1.54
创业板50ETF,2026-04,2026-01-26,2026-01-30,1.547,1.577,1.56
创业板50ETF,2026-03,2026-01-19,2026-01-23,1.534,1.563,1.55
创业板50ETF,2026-02,2026-01-12,2026-01-16,1.56,1.591,1.58
创业板50ETF,2026-01,2026-01-05,2026-01-09,1.56,1.578,1.57
创业板50ETF,2025-52,2025-12-29,2025-12-31,1.522,1.544,1.53
创业板50ETF,2025-51,2025-12-22,2025-12-26,1.521,1.544,1.54
创业板50ETF,2025-50,2025-12-15,2025-12-19,1.463,1.517,1.49
创业板50ETF,2025-49,2025-12-08,2025-12-12,1.511,1.535,1.53
创业板50ETF,2025-48,2025-12-01,2025-12-05,1.443,1.482,1.46
创业板50ETF,2025-47,2025-11-24,2025-11-28,1.384,1.448,1.42
创业板50ETF,2025-46,2025-11-17,2025-11-21,1.384,1.464,1.44
创业板50ETF,2025-45,2025-11-10,2025-11-14,1.47,1.514,1.49
创业板50ETF,2025-44,2025-11-03,2025-11-07,1.488,1.535,1.52
创业板50ETF,2025-43,2025-10-27,2025-10-31,1.513,1.59,1.55
创业板50ETF,2025-42,2025-10-20,2025-10-24,1.413,1.51,1.46
创业板50ETF,2025-41,2025-10-13,2025-10-17,1.381,1.441,1.41
创业板50ETF,2025-40,2025-10-09,2025-10-10,1.465,1.543,1.5
创业板50ETF,2025-39,2025-09-29,2025-09-30,1.537,1.539,1.54
创业板50ETF,2025-38,2025-09-22,2025-09-26,1.466,1.53,1.49
创业板50ETF,2025-37,2025-09-15,2025-09-19,1.437,1.48,1.46
创业板50ETF,2025-36,2025-09-08,2025-09-12,1.336,1.432,1.38
创业板50ETF,2025-35,2025-09-01,2025-09-05,1.289,1.394,1.35
创业板50ETF,2025-34,2025-08-25,2025-08-29,1.25,1.342,1.28
创业板50ETF,2025-33,2025-08-18,2025-08-22,1.186,1.232,1.2
创业板50ETF,2025-32,2025-08-11,2025-08-15,1.075,1.157,1.12
创业板50ETF,2025-31,2025-08-04,2025-08-08,1.052,1.063,1.06
创业板50ETF,2025-30,2025-07-28,2025-08-01,1.047,1.09,1.07
创业板50ETF,2025-29,2025-07-21,2025-07-25,1.038,1.058,1.05
创业板50ETF,2025-28,2025-07-14,2025-07-18,0.989,1.03,1.01
创业板50ETF,2025-27,2025-07-07,2025-07-11,0.956,0.993,0.98
创业板50ETF,2025-26,2025-06-30,2025-07-04,0.949,0.97,0.96
创业板50ETF,2025-25,2025-06-23,2025-06-27,0.898,0.953,0.93
创业板50ETF,2025-24,2025-06-16,2025-06-20,0.895,0.917,0.91
创业板50ETF,2025-23,2025-06-09,2025-06-13,0.898,0.914,0.91
创业板50ETF,2025-22,2025-06-03,2025-06-06,0.882,0.907,0.9
创业板50ETF,2025-21,2025-05-26,2025-05-30,0.879,0.891,0.88
创业板50ETF,2025-20,2025-05-19,2025-05-23,0.899,0.919,0.91
创业板50ETF,2025-19,2025-05-12,2025-05-16,0.905,0.926,0.91
创业板50ETF,2025-18,2025-05-06,2025-05-09,0.871,0.896,0.88
创业板50ETF,2025-17,2025-04-28,2025-04-30,0.846,0.854,0.85
创业板50ETF,2025-16,2025-04-21,2025-04-25,0.841,0.854,0.85
创业板50ETF,2025-15,2025-04-14,2025-04-18,0.825,0.835,0.83
创业板50ETF,2025-14,2025-04-07,2025-04-11,0.788,0.832,0.81
创业板50ETF,2025-13,2025-03-31,2025-04-03,0.906,0.927,0.92
创业板50ETF,2025-12,2025-03-24,2025-03-28,0.939,0.95,0.94
创业板50ETF,2025-11,2025-03-17,2025-03-21,0.949,0.984,0.97
创业板50ETF,2025-10,2025-03-10,2025-03-14,0.952,0.984,0.97
创业板50ETF,2025-09,2025-03-03,2025-03-07,0.964,0.984,0.97
创业板50ETF,2025-08,2025-02-24,2025-02-28,0.958,1.004,0.99
创业板50ETF,2025-07,2025-02-17,2025-02-21,0.97,1.009,0.99
创业板50ETF,2025-06,2025-02-10,2025-02-14,0.958,0.979,0.97
创业板50ETF,2025-05,2025-02-05,2025-02-07,0.919,0.972,0.95
创业板50ETF,2025-04,2025-01-27,2025-01-27,0.925,0.925,0.93
创业板50ETF,2025-03,2025-01-20,2025-01-24,0.94,0.955,0.95
创业板50ETF,2025-02,2025-01-13,2025-01-17,0.884,0.929,0.91
创业板50ETF,2025-01,2025-01-06,2025-01-10,0.884,0.907,0.9
创业板50ETF,2025-00,2025-01-02,2025-01-03,0.905,0.922,0.91
创业板50ETF,2024-53,2024-12-30,2024-12-31,0.961,0.991,0.98
创业板50ETF,2024-52,2024-12-23,2024-12-27,0.983,0.994,0.99
创业板50ETF,2024-51,2024-12-16,2024-12-20,0.984,0.992,0.99
创业板50ETF,2024-50,2024-12-09,2024-12-13,1.0,1.028,1.01
创业板50ETF,2024-49,2024-12-02,2024-12-06,0.99,1.016,1.0
创业板50ETF,2024-48,2024-11-25,2024-11-29,0.96,0.993,0.98
创业板50ETF,2024-47,2024-11-18,2024-11-22,0.974,1.016,1.0
创业板50ETF,2024-46,2024-11-11,2024-11-15,1.005,1.087,1.05
创业板50ETF,2024-45,2024-11-04,2024-11-08,0.976,1.053,1.02
创业板50ETF,2024-44,2024-10-28,2024-11-01,0.948,0.994,0.97
创业板50ETF,2024-43,2024-10-21,2024-10-25,0.969,1.001,0.99
创业板50ETF,2024-42,2024-10-14,2024-10-18,0.904,0.984,0.94
创业板50ETF,2024-41,2024-10-08,2024-10-11,0.936,1.211,1.04
创业板50ETF,2024-40,2024-09-30,2024-09-30,1.009,1.009,1.01
创业板50ETF,2024-39,2024-09-23,2024-09-27,0.67,0.841,0.74
创业板50ETF,2024-38,2024-09-18,2024-09-20,0.671,0.676,0.67
创业板50ETF,2024-37,2024-09-09,2024-09-13,0.668,0.677,0.67
创业板50ETF,2024-36,2024-09-02,2024-09-06,0.666,0.677,0.67
创业板50ETF,2024-35,2024-08-26,2024-08-30,0.664,0.685,0.67
创业板50ETF,2024-34,2024-08-19,2024-08-23,0.67,0.686,0.68
创业板50ETF,2024-33,2024-08-12,2024-08-16,0.681,0.69,0.68
创业板50ETF,2024-32,2024-08-05,2024-08-09,0.685,0.699,0.69
创业板50ETF,2024-31,2024-07-29,2024-08-02,0.704,0.729,0.71
创业板50ETF,2024-30,2024-07-22,2024-07-26,0.712,0.744,0.72
创业板50ETF,2024-29,2024-07-15,2024-07-19,0.72,0.745,0.73
创业板50ETF,2024-28,2024-07-08,2024-07-12,0.7,0.727,0.72
创业板50ETF,2024-27,2024-07-01,2024-07-05,0.709,0.722,0.71
创业板50ETF,2024-26,2024-06-24,2024-06-28,0.723,0.744,0.73
创业板50ETF,2024-25,2024-06-17,2024-06-21,0.755,0.779,0.77
创业板50ETF,2024-24,2024-06-11,2024-06-14,0.756,0.767,0.76
创业板50ETF,2024-23,2024-06-03,2024-06-07,0.76,0.787,0.78
创业板50ETF,2024-22,2024-05-27,2024-05-31,0.767,0.779,0.77
创业板50ETF,2024-21,2024-05-20,2024-05-24,0.775,0.801,0.79
创业板50ETF,2024-20,2024-05-13,2024-05-17,0.782,0.793,0.79
创业板50ETF,2024-19,2024-05-06,2024-05-10,0.796,0.815,0.81
创业板50ETF,2024-18,2024-04-29,2024-04-30,0.798,0.807,0.8
创业板50ETF,2024-17,2024-04-22,2024-04-26,0.743,0.778,0.75
创业板50ETF,2024-16,2024-04-15,2024-04-19,0.745,0.767,0.76
创业板50ETF,2024-15,2024-04-08,2024-04-12,0.749,0.777,0.76
创业板50ETF,2024-14,2024-04-01,2024-04-03,0.782,0.796,0.79
创业板50ETF,2024-13,2024-03-25,2024-03-29,0.762,0.782,0.77
创业板50ETF,2024-12,2024-03-18,2024-03-22,0.792,0.822,0.81
创业板50ETF,2024-11,2024-03-11,2024-03-15,0.801,0.808,0.8
创业板50ETF,2024-10,2024-03-04,2024-03-08,0.754,0.773,0.77
创业板50ETF,2024-09,2024-02-26,2024-03-01,0.733,0.768,0.75
创业板50ETF,2024-08,2024-02-19,2024-02-23,0.731,0.738,0.74
创业板50ETF,2024-06,2024-02-05,2024-02-08,0.661,0.722,0.7
创业板50ETF,2024-05,2024-01-29,2024-02-02,0.65,0.675,0.66
创业板50ETF,2024-04,2024-01-22,2024-01-26,0.701,0.722,0.71
创业板50ETF,2024-03,2024-01-15,2024-01-19,0.707,0.73,0.72
创业板50ETF,2024-02,2024-01-08,2024-01-12,0.724,0.739,0.73
创业板50ETF,2024-01,2024-01-02,2024-01-05,0.735,0.77,0.75
创业板50ETF,2023-52,2023-12-25,2023-12-29,0.75,0.787,0.77
创业板50ETF,2023-51,2023-12-18,2023-12-22,0.748,0.763,0.76
创业板50ETF,2023-50,2023-12-11,2023-12-15,0.767,0.796,0.78
创业板50ETF,2023-49,2023-12-04,2023-12-08,0.773,0.788,0.78
创业板50ETF,2023-48,2023-11-27,2023-12-01,0.793,0.803,0.8
创业板50ETF,2023-47,2023-11-20,2023-11-24,0.803,0.828,0.82
创业板50ETF,2023-46,2023-11-13,2023-11-17,0.825,0.84,0.83
创业板50ETF,2023-45,2023-11-06,2023-11-10,0.839,0.855,0.85
创业板50ETF,2023-44,2023-10-30,2023-11-03,0.81,0.827,0.82
创业板50ETF,2023-43,2023-10-23,2023-10-27,0.775,0.804,0.78
创业板50ETF,2023-42,2023-10-16,2023-10-20,0.793,0.817,0.81
创业板50ETF,2023-41,2023-10-09,2023-10-13,0.831,0.846,0.84
创业板50ETF,2023-39,2023-09-25,2023-09-28,0.831,0.839,0.84
创业板50ETF,2023-38,2023-09-18,2023-09-22,0.822,0.845,0.84
创业板50ETF,2023-37,2023-09-11,2023-09-15,0.838,0.867,0.85
创业板50ETF,2023-36,2023-09-04,2023-09-08,0.862,0.899,0.88
创业板50ETF,2023-35,2023-08-28,2023-09-01,0.875,0.9,0.89
创业板50ETF,2023-34,2023-08-21,2023-08-25,0.865,0.888,0.88
创业板50ETF,2023-33,2023-08-14,2023-08-18,0.9,0.919,0.91
创业板50ETF,2023-32,2023-08-07,2023-08-11,0.931,0.955,0.95
创业板50ETF,2023-31,2023-07-31,2023-08-04,0.944,0.967,0.95
创业板50ETF,2023-30,2023-07-24,2023-07-28,0.907,0.942,0.93
创业板50ETF,2023-29,2023-07-17,2023-07-21,0.912,0.937,0.92
创业板50ETF,2023-28,2023-07-10,2023-07-14,0.931,0.952,0.94
创业板50ETF,2023-27,2023-07-03,2023-07-07,0.918,0.945,0.93
创业板50ETF,2023-26,2023-06-26,2023-06-30,0.923,0.937,0.93
创业板50ETF,2023-25,2023-06-19,2023-06-21,0.932,0.962,0.95
创业板50ETF,2023-24,2023-06-12,2023-06-16,0.903,0.963,0.93
创业板50ETF,2023-23,2023-06-05,2023-06-09,0.892,0.924,0.9
创业板50ETF,2023-22,2023-05-29,2023-06-02,0.925,0.942,0.93
创业板50ETF,2023-21,2023-05-22,2023-05-26,0.944,0.97,0.96
创业板50ETF,2023-20,2023-05-15,2023-05-19,0.967,0.982,0.98
创业板50ETF,2023-19,2023-05-08,2023-05-12,0.949,0.972,0.96
创业板50ETF,2023-18,2023-05-04,2023-05-05,0.956,0.966,0.96
创业板50ETF,2023-17,2023-04-24,2023-04-28,0.944,0.977,0.97
创业板50ETF,2023-16,2023-04-17,2023-04-21,0.988,1.034,1.02
创业板50ETF,2023-15,2023-04-10,2023-04-14,1.016,1.037,1.03
创业板50ETF,2023-14,2023-04-03,2023-04-07,1.022,1.035,1.03
创业板50ETF,2023-13,2023-03-27,2023-03-31,1.009,1.021,1.02
创业板50ETF,2023-12,2023-03-20,2023-03-24,0.986,1.011,1.0
创业板50ETF,2023-11,2023-03-13,2023-03-17,0.984,1.017,1.0
创业板50ETF,2023-10,2023-03-06,2023-03-10,1.026,1.052,1.03
创业板50ETF,2023-09,2023-02-27,2023-03-03,1.043,1.056,1.05
创业板50ETF,2023-08,2023-02-20,2023-02-24,1.051,1.08,1.07
创业板50ETF,2023-07,2023-02-13,2023-02-17,1.065,1.123,1.1
创业板50ETF,2023-06,2023-02-06,2023-02-10,1.105,1.126,1.11
创业板50ETF,2023-05,2023-01-30,2023-02-03,1.132,1.155,1.14
创业板50ETF,2023-03,2023-01-16,2023-01-20,1.12,1.141,1.13
创业板50ETF,2023-02,2023-01-09,2023-01-13,1.071,1.096,1.08
创业板50ETF,2023-01,2023-01-03,2023-01-06,1.017,1.065,1.04
创业板50ETF,2022-52,2022-12-26,2022-12-30,1.023,1.034,1.03
创业板50ETF,2022-51,2022-12-19,2022-12-23,1.001,1.027,1.01
创业板50ETF,2022-50,2022-12-12,2022-12-16,1.035,1.053,1.04
创业板50ETF,2022-49,2022-12-05,2022-12-09,1.04,1.064,1.05
创业板50ETF,2022-48,2022-11-28,2022-12-02,1.005,1.042,1.03
创业板50ETF,2022-47,2022-11-21,2022-11-25,1.01,1.042,1.02
创业板50ETF,2022-46,2022-11-14,2022-11-18,1.037,1.068,1.05
创业板50ETF,2022-45,2022-11-07,2022-11-11,1.027,1.072,1.05
创业板50ETF,2022-44,2022-10-31,2022-11-04,0.983,1.073,1.03
创业板50ETF,2022-43,2022-10-24,2022-10-28,0.978,1.033,1.01
创业板50ETF,2022-42,2022-10-17,2022-10-21,1.046,1.066,1.06
创业板50ETF,2022-41,2022-10-10,2022-10-14,0.972,1.067,1.02
创业板50ETF,2022-39,2022-09-26,2022-09-30,0.995,1.036,1.01
创业板50ETF,2022-38,2022-09-19,2022-09-23,1.003,1.03,1.02
创业板50ETF,2022-37,2022-09-13,2022-09-16,1.025,1.114,1.07
创业板50ETF,2022-36,2022-09-05,2022-09-09,1.101,1.123,1.11
创业板50ETF,2022-35,2022-08-29,2022-09-02,1.106,1.155,1.13
创业板50ETF,2022-34,2022-08-22,2022-08-26,1.162,1.231,1.2
创业板50ETF,2022-33,2022-08-15,2022-08-19,1.198,1.231,1.21
创业板50ETF,2022-32,2022-08-08,2022-08-12,1.167,1.197,1.18
创业板50ETF,2022-31,2022-08-01,2022-08-05,1.154,1.204,1.18
创业板50ETF,2022-30,2022-07-25,2022-07-29,1.17,1.196,1.19
创业板50ETF,2022-29,2022-07-18,2022-07-22,1.202,1.24,1.21
创业板50ETF,2022-28,2022-07-11,2022-07-15,1.188,1.249,1.22
创业板50ETF,2022-27,2022-07-04,2022-07-08,1.235,1.264,1.25
创业板50ETF,2022-26,2022-06-27,2022-07-01,1.22,1.251,1.24
创业板50ETF,2022-25,2022-06-20,2022-06-24,1.178,1.25,1.21
创业板50ETF,2022-24,2022-06-13,2022-06-17,1.112,1.169,1.13
创业板50ETF,2022-23,2022-06-06,2022-06-10,1.094,1.128,1.12
创业板50ETF,2022-22,2022-05-30,2022-06-02,1.023,1.075,1.05
创业板50ETF,2022-21,2022-05-23,2022-05-27,1.01,1.053,1.02
创业板50ETF,2022-20,2022-05-16,2022-05-20,1.017,1.06,1.04
创业板50ETF,2022-19,2022-05-09,2022-05-13,0.962,1.029,1.0
创业板50ETF,2022-18,2022-05-05,2022-05-06,0.972,0.992,0.98
创业板50ETF,2022-17,2022-04-25,2022-04-29,0.934,1.013,0.97
创业板50ETF,2022-16,2022-04-18,2022-04-22,0.995,1.083,1.03
创业板50ETF,2022-15,2022-04-11,2022-04-15,1.074,1.1,1.08
创业板50ETF,2022-14,2022-04-06,2022-04-08,1.125,1.147,1.13
创业板50ETF,2022-13,2022-03-28,2022-04-01,1.124,1.177,1.15
创业板50ETF,2022-12,2022-03-21,2022-03-25,1.149,1.185,1.17
创业板50ETF,2022-11,2022-03-14,2022-03-18,1.086,1.19,1.14
创业板50ETF,2022-10,2022-03-07,2022-03-11,1.109,1.151,1.13
创业板50ETF,2022-09,2022-02-28,2022-03-04,1.184,1.253,1.23
创业板50ETF,2022-08,2022-02-21,2022-02-25,1.196,1.244,1.22
创业板50ETF,2022-07,2022-02-14,2022-02-18,1.181,1.234,1.22
创业板50ETF,2022-06,2022-02-07,2022-02-11,1.186,1.28,1.24
创业板50ETF,2022-04,2022-01-27,2022-01-28,1.276,1.278,1.28
印度,2026-16,2026-04-20,2026-04-22,78516.4921875,79273.328125,78770.04
印度,2026-15,2026-04-13,2026-04-17,76847.5703125,78493.5390625,77860.26
印度,2026-14,2026-04-06,2026-04-10,74106.8515625,77562.8984375,76093.65
印度,2026-13,2026-03-30,2026-04-02,71947.546875,73319.546875,72800.47
印度,2026-12,2026-03-23,2026-03-27,72696.390625,75273.453125,73905.38
印度,2026-11,2026-03-16,2026-03-20,74207.2421875,76704.1328125,75403.61
印度,2026-10,2026-03-09,2026-03-13,74563.921875,78205.9765625,76646.84
印度,2026-09,2026-03-02,2026-03-06,78918.8984375,80238.8515625,79572.46
印度,2026-08,2026-02-23,2026-02-27,81287.1875,83294.65625,82266.49
印度,2026-07,2026-02-16,2026-02-20,82498.140625,83734.25,83155.04
印度,2026-06,2026-02-09,2026-02-13,82626.7578125,84273.921875,83775.0
印度,2026-05,2026-02-02,2026-02-06,81666.4609375,83817.6875,83223.52
印度,2026-04,2026-01-27,2026-01-30,81857.4765625,82566.3671875,82259.58
印度,2026-03,2026-01-19,2026-01-23,81537.703125,83246.1796875,82236.27
印度,2026-02,2026-01-12,2026-01-16,83382.7109375,83878.171875,83614.73
印度,2026-01,2026-01-05,2026-01-09,83576.2421875,85439.6171875,84644.26
印度,2026-00,2026-01-01,2026-01-02,85188.6015625,85762.0078125,85475.3
印度,2025-52,2025-12-29,2025-12-31,84675.078125,85220.6015625,84863.74
印度,2025-51,2025-12-22,2025-12-26,85041.453125,85567.4765625,85385.62
印度,2025-50,2025-12-15,2025-12-19,84481.8125,85213.359375,84772.81
印度,2025-49,2025-12-08,2025-12-12,84391.2734375,85267.65625,84849.21
印度,2025-48,2025-12-01,2025-12-05,85106.8125,85712.3671875,85372.93
印度,2025-47,2025-11-24,2025-11-28,84587.0078125,85720.3828125,85304.86
印度,2025-46,2025-11-17,2025-11-21,84673.0234375,85632.6796875,85135.01
印度,2025-45,2025-11-10,2025-11-14,83535.3515625,84562.78125,84182.93
印度,2025-44,2025-11-03,2025-11-07,83216.28125,83978.4921875,83491.23
印度,2025-43,2025-10-27,2025-10-31,83938.7109375,84997.1328125,84549.46
印度,2025-42,2025-10-20,2025-10-24,84211.8828125,84556.3984375,84389.5
印度,2025-41,2025-10-13,2025-10-17,82029.9765625,83952.1875,82876.46
印度,2025-40,2025-10-06,2025-10-10,81773.65625,82500.8203125,82032.69
印度,2025-39,2025-09-29,2025-10-03,80267.6171875,81207.171875,80705.76
印度,2025-38,2025-09-22,2025-09-26,80426.4609375,82159.96875,81512.77
印度,2025-37,2025-09-15,2025-09-19,81785.7421875,83013.9609375,82500.07
印度,2025-36,2025-09-08,2025-09-12,80787.296875,81904.703125,81353.44
印度,2025-35,2025-09-01,2025-09-05,80157.8828125,80718.0078125,80503.77
印度,2025-34,2025-08-25,2025-08-29,79809.6484375,81635.90625,80578.17
印度,2025-33,2025-08-18,2025-08-22,81273.75,82000.7109375,81616.71
印度,2025-32,2025-08-11,2025-08-14,80235.59375,80604.078125,80494.31
印度,2025-31,2025-08-04,2025-08-08,79857.7890625,81018.71875,80550.8
印度,2025-30,2025-07-28,2025-08-01,80599.90625,81481.859375,81099.26
印度,2025-29,2025-07-21,2025-07-25,81463.09375,82726.640625,82152.21
印度,2025-28,2025-07-14,2025-07-18,81757.7265625,82634.4765625,82295.16
印度,2025-27,2025-07-07,2025-07-11,82500.46875,83712.5078125,83276.37
印度,2025-26,2025-06-30,2025-07-04,83239.46875,83697.2890625,83477.16
印度,2025-25,2025-06-23,2025-06-27,81896.7890625,84058.8984375,82904.43
印度,2025-24,2025-06-16,2025-06-20,81361.8671875,82408.171875,81718.83
印度,2025-23,2025-06-09,2025-06-13,81118.6015625,82515.140625,82032.53
印度,2025-22,2025-06-02,2025-06-06,80737.5078125,82188.9921875,81348.11
印度,2025-21,2025-05-26,2025-05-30,81312.3203125,82176.453125,81624.89
印度,2025-20,2025-05-19,2025-05-23,80951.9921875,82059.421875,81503.11
印度,2025-19,2025-05-12,2025-05-16,81148.21875,82530.7421875,81954.0
印度,2025-18,2025-05-05,2025-05-09,79454.46875,80796.84375,80394.8
印度,2025-17,2025-04-28,2025-05-02,80218.3671875,80501.9921875,80312.75
印度,2025-16,2025-04-21,2025-04-25,79212.53125,80116.4921875,79626.91
印度,2025-15,2025-04-15,2025-04-17,76734.890625,78553.203125,77444.13
印度,2025-14,2025-04-07,2025-04-11,73137.8984375,75157.2578125,74092.35
印度,2025-13,2025-04-01,2025-04-04,75364.6875,76617.4375,76075.5
印度,2025-12,2025-03-24,2025-03-28,77288.5,78017.1875,77662.28
印度,2025-11,2025-03-17,2025-03-21,74169.953125,76905.5078125,75634.77
印度,2025-10,2025-03-10,2025-03-13,73828.90625,74115.171875,74019.04
印度,2025-09,2025-03-03,2025-03-07,72989.9296875,74340.09375,73695.75
印度,2025-08,2025-02-24,2025-02-28,73198.1015625,74612.4296875,74216.76
印度,2025-07,2025-02-17,2025-02-21,75311.0625,75996.859375,75790.09
印度,2025-06,2025-02-10,2025-02-14,75939.2109375,77311.796875,76370.93
印度,2025-05,2025-02-03,2025-02-07,77186.7421875,78583.8125,77992.04
印度,2025-04,2025-01-27,2025-01-31,75366.171875,77500.5703125,76412.18
印度,2025-03,2025-01-20,2025-01-24,75838.359375,77073.4375,76405.53
印度,2025-02,2025-01-13,2025-01-17,76330.0078125,77042.8203125,76643.17
印度,2025-01,2025-01-06,2025-01-10,77378.90625,78199.109375,77862.34
印度,2025-00,2025-01-01,2025-01-03,78507.40625,79943.7109375,79224.74
印度,2024-53,2024-12-30,2024-12-31,78139.0078125,78248.1328125,78193.57
印度,2024-52,2024-12-23,2024-12-27,78472.4765625,78699.0703125,78546.15
印度,2024-51,2024-12-16,2024-12-20,78041.59375,81748.5703125,79974.97
印度,2024-50,2024-12-09,2024-12-13,81289.9609375,82133.1171875,81593.55
印度,2024-49,2024-12-02,2024-12-06,80248.078125,81765.859375,81105.03
印度,2024-48,2024-11-25,2024-11-29,79043.7421875,80234.078125,79838.9
印度,2024-47,2024-11-18,2024-11-22,77155.7890625,79117.109375,77797.57
印度,2024-46,2024-11-11,2024-11-14,77580.3125,79496.1484375,78360.65
印度,2024-45,2024-11-04,2024-11-08,78782.2421875,80378.1328125,79533.02
印度,2024-44,2024-10-28,2024-11-01,79389.0625,80369.03125,79885.89
印度,2024-43,2024-10-21,2024-10-25,79402.2890625,81151.2734375,80184.28
印度,2024-42,2024-10-14,2024-10-18,81006.609375,81973.046875,81505.18
印度,2024-41,2024-10-07,2024-10-11,81050.0,81634.8125,81428.94
印度,2024-40,2024-09-30,2024-10-04,81688.453125,84299.78125,83187.91
印度,2024-39,2024-09-23,2024-09-27,84914.0390625,85836.1171875,85284.1
印度,2024-38,2024-09-16,2024-09-20,82948.2265625,84544.3125,83349.15
印度,2024-37,2024-09-09,2024-09-13,81523.15625,82962.7109375,82171.53
印度,2024-36,2024-09-02,2024-09-06,81183.9296875,82559.84375,82170.6
印度,2024-35,2024-08-26,2024-08-30,81698.109375,82365.7734375,81939.16
印度,2024-34,2024-08-19,2024-08-23,80424.6796875,81086.2109375,80854.45
印度,2024-33,2024-08-12,2024-08-16,78956.03125,80436.84375,79536.92
印度,2024-32,2024-08-05,2024-08-09,78593.0703125,79705.90625,79082.52
印度,2024-31,2024-07-29,2024-08-02,80981.953125,81867.546875,81480.42
印度,2024-30,2024-07-22,2024-07-26,80039.796875,81332.71875,80490.5
印度,2024-29,2024-07-15,2024-07-19,80604.6484375,81343.4609375,80832.38
印度,2024-28,2024-07-08,2024-07-12,79897.34375,80519.34375,80130.7
印度,2024-27,2024-07-01,2024-07-05,79441.453125,80049.671875,79790.14
印度,2024-26,2024-06-24,2024-06-28,77341.078125,79243.1796875,78468.95
印度,2024-25,2024-06-18,2024-06-21,77209.8984375,77478.9296875,77331.89
印度,2024-24,2024-06-10,2024-06-14,76456.59375,76992.7734375,76671.38
印度,2024-23,2024-06-03,2024-06-07,72079.046875,76693.359375,74939.59
印度,2024-22,2024-05-27,2024-05-31,73885.6015625,75390.5,74582.15
印度,2024-21,2024-05-21,2024-05-24,73953.3125,75418.0390625,74750.7
印度,2024-20,2024-05-13,2024-05-17,72776.1328125,73917.03125,73289.7
印度,2024-19,2024-05-06,2024-05-10,72404.171875,73895.5390625,73188.48
印度,2024-18,2024-04-29,2024-05-03,73878.1484375,74671.28125,74410.83
印度,2024-17,2024-04-22,2024-04-26,73648.6171875,74339.4375,73861.92
印度,2024-16,2024-04-15,2024-04-19,72488.9921875,73399.78125,72980.2
印度,2024-15,2024-04-08,2024-04-12,74244.8984375,75038.1484375,74677.31
印度,2024-14,2024-04-01,2024-04-05,73876.8203125,74248.21875,74054.23
印度,2024-13,2024-03-26,2024-03-28,72470.296875,73651.3515625,73039.32
印度,2024-12,2024-03-18,2024-03-22,72012.046875,72831.9375,72467.06
印度,2024-11,2024-03-11,2024-03-15,72643.4296875,73667.9609375,73134.64
印度,2024-10,2024-03-04,2024-03-07,73677.1328125,74119.390625,73938.7
印度,2024-09,2024-02-26,2024-03-01,72304.8828125,73745.3515625,72887.18
印度,2024-08,2024-02-19,2024-02-23,72623.09375,73158.2421875,72937.94
印度,2024-07,2024-02-12,2024-02-16,71072.4921875,72426.640625,71785.51
印度,2024-06,2024-02-05,2024-02-09,71428.4296875,72186.09375,71818.69
印度,2024-05,2024-01-29,2024-02-02,71139.8984375,72085.6328125,71712.9
印度,2024-04,2024-01-23,2024-01-25,70370.546875,71060.3125,70710.51
印度,2024-03,2024-01-15,2024-01-19,71186.859375,73327.9375,72165.51
印度,2024-02,2024-01-08,2024-01-12,71355.21875,72568.453125,71737.75
印度,2024-01,2024-01-02,2024-01-05,71356.6015625,72026.1484375,71780.7
印度,2023-52,2023-12-26,2023-12-29,71336.796875,72410.3828125,72006.47
印度,2023-51,2023-12-18,2023-12-22,70506.3125,71437.1875,71046.13
印度,2023-50,2023-12-11,2023-12-15,69551.03125,71483.75,70212.42
印度,2023-49,2023-12-04,2023-12-08,68865.1171875,69825.6015625,69432.45
印度,2023-48,2023-11-28,2023-12-01,66174.203125,67481.1875,66886.43
印度,2023-47,2023-11-20,2023-11-24,65655.1484375,66023.2421875,65919.4
印度,2023-46,2023-11-13,2023-11-17,64933.87109375,65982.4765625,65596.75
印度,2023-45,2023-11-06,2023-11-10,64832.19921875,64975.609375,64922.72
印度,2023-44,2023-10-30,2023-11-03,63591.328125,64363.78125,64004.72
印度,2023-43,2023-10-23,2023-10-27,63148.1484375,64571.87890625,63887.97
印度,2023-42,2023-10-16,2023-10-20,65397.62109375,66428.09375,65899.78
印度,2023-41,2023-10-09,2023-10-13,65512.390625,66473.046875,66151.19
印度,2023-40,2023-10-03,2023-10-06,65226.0390625,65995.6328125,65591.34
印度,2023-39,2023-09-25,2023-09-29,65508.3203125,66118.6875,65884.91
印度,2023-38,2023-09-18,2023-09-22,66009.1484375,67596.84375,66659.27
印度,2023-37,2023-09-11,2023-09-15,67127.078125,67838.6328125,67434.57
印度,2023-36,2023-09-04,2023-09-08,65628.140625,66598.90625,66030.68
印度,2023-35,2023-08-28,2023-09-01,64831.41015625,65387.16015625,65075.65
印度,2023-34,2023-08-21,2023-08-25,64886.51171875,65433.30078125,65201.65
印度,2023-33,2023-08-14,2023-08-18,64948.66015625,65539.421875,65260.26
印度,2023-32,2023-08-07,2023-08-11,65322.6484375,65995.8125,65761.32
印度,2023-31,2023-07-31,2023-08-04,65240.6796875,66527.671875,65946.34
印度,2023-30,2023-07-24,2023-07-28,66160.203125,66707.203125,66374.94
印度,2023-29,2023-07-17,2023-07-21,66589.9296875,67571.8984375,66947.73
印度,2023-28,2023-07-10,2023-07-14,65344.171875,66060.8984375,65595.14
印度,2023-27,2023-07-03,2023-07-07,65205.05078125,65785.640625,65439.25
印度,2023-26,2023-06-26,2023-06-30,62970.0,64718.55859375,63755.0
印度,2023-25,2023-06-19,2023-06-23,62979.37109375,63523.1484375,63247.48
印度,2023-24,2023-06-12,2023-06-16,62724.7109375,63384.578125,63079.72
印度,2023-23,2023-06-05,2023-06-09,62625.62890625,63142.9609375,62839.52
印度,2023-22,2023-05-29,2023-06-02,62428.5390625,62969.12890625,62682.68
印度,2023-21,2023-05-22,2023-05-26,61773.78125,62501.69140625,62018.71
印度,2023-20,2023-05-15,2023-05-19,61431.73828125,62345.7109375,61800.05
印度,2023-19,2023-05-08,2023-05-12,61761.328125,62027.8984375,61879.64
印度,2023-18,2023-05-02,2023-05-05,61054.2890625,61749.25,61337.89
印度,2023-17,2023-04-24,2023-04-28,60056.1015625,61112.44140625,60449.84
印度,2023-16,2023-04-17,2023-04-21,59567.80078125,59910.75,59698.59
印度,2023-15,2023-04-10,2023-04-13,59846.51171875,60431.0,60207.0
印度,2023-14,2023-04-03,2023-04-06,59106.44140625,59832.96875,59542.91
印度,2023-13,2023-03-27,2023-03-31,57613.71875,58991.51953125,58054.8
印度,2023-12,2023-03-20,2023-03-24,57527.1015625,58214.58984375,57874.12
印度,2023-11,2023-03-13,2023-03-17,57555.8984375,58237.8515625,57863.74
印度,2023-10,2023-03-06,2023-03-10,59135.12890625,60348.08984375,59878.49
印度,2023-09,2023-02-27,2023-03-03,58909.3515625,59808.96875,59275.97
印度,2023-08,2023-02-20,2023-02-24,59463.9296875,60691.5390625,60035.79
印度,2023-07,2023-02-13,2023-02-17,60431.83984375,61319.51171875,61012.25
印度,2023-06,2023-02-06,2023-02-10,60286.0390625,60806.21875,60589.13
印度,2023-05,2023-01-30,2023-02-03,59500.41015625,60841.87890625,59906.5
印度,2023-04,2023-01-23,2023-01-27,59330.8984375,60978.75,60364.09
印度,2023-03,2023-01-16,2023-01-20,60092.96875,61045.73828125,60654.93
印度,2023-02,2023-01-09,2023-01-13,59958.03125,60747.30859375,60237.5
印度,2023-01,2023-01-02,2023-01-06,59900.37109375,61294.19921875,60674.62
印度,2022-52,2022-12-26,2022-12-30,60566.421875,61133.87890625,60875.75
印度,2022-51,2022-12-19,2022-12-23,59845.2890625,61806.19140625,61049.45
印度,2022-50,2022-12-12,2022-12-16,61337.80859375,62677.91015625,62095.72
印度,2022-49,2022-12-05,2022-12-09,62181.671875,62834.6015625,62524.8
印度,2022-48,2022-11-28,2022-12-02,62504.80078125,63284.19140625,62887.8
印度,2022-47,2022-11-21,2022-11-25,61144.83984375,62293.640625,61728.14
印度,2022-46,2022-11-14,2022-11-18,61624.1484375,61980.71875,61778.39
印度,2022-45,2022-11-07,2022-11-11,60613.69921875,61795.0390625,61156.86
印度,2022-44,2022-10-31,2022-11-04,60746.58984375,61121.3515625,60912.16
印度,2022-43,2022-10-24,2022-10-28,59543.9609375,59959.8515625,59773.08
印度,2022-42,2022-10-17,2022-10-21,58410.98046875,59307.1484375,58997.76
印度,2022-41,2022-10-10,2022-10-14,57147.3203125,57991.109375,57583.93
印度,2022-40,2022-10-03,2022-10-07,56788.80859375,58222.1015625,57816.92
印度,2022-39,2022-09-26,2022-09-30,56409.9609375,57426.921875,56937.58
印度,2022-38,2022-09-19,2022-09-23,58098.921875,59719.73828125,59107.28
印度,2022-37,2022-09-12,2022-09-16,58840.7890625,60571.078125,59961.6
印度,2022-36,2022-09-05,2022-09-09,59028.91015625,59793.140625,59390.65
印度,2022-35,2022-08-29,2022-09-02,57972.62109375,59537.0703125,58769.9
印度,2022-34,2022-08-22,2022-08-26,58773.87109375,59085.4296875,58899.84
印度,2022-33,2022-08-16,2022-08-19,59646.1484375,60298.0,60011.62
印度,2022-32,2022-08-08,2022-08-12,58817.2890625,59462.78125,59116.44
印度,2022-31,2022-08-01,2022-08-05,58115.5,58387.9296875,58257.82
印度,2022-30,2022-07-25,2022-07-29,55268.48828125,57570.25,56255.81
印度,2022-29,2022-07-18,2022-07-22,54521.1484375,56072.23046875,55288.1
印度,2022-28,2022-07-11,2022-07-15,53416.1484375,54395.23046875,53794.58
印度,2022-27,2022-07-04,2022-07-08,53134.3515625,54481.83984375,53756.08
印度,2022-26,2022-06-27,2022-07-01,52907.9296875,53177.44921875,53058.51
印度,2022-25,2022-06-20,2022-06-24,51597.83984375,52727.98046875,52189.23
印度,2022-24,2022-06-13,2022-06-17,51360.421875,52846.69921875,52187.57
印度,2022-23,2022-06-06,2022-06-10,54303.44140625,55675.3203125,55059.77
印度,2022-22,2022-05-30,2022-06-03,55381.171875,55925.73828125,55692.13
印度,2022-21,2022-05-23,2022-05-27,53749.26171875,54884.66015625,54245.53
印度,2022-20,2022-05-16,2022-05-20,52792.23046875,54326.390625,53723.89
印度,2022-19,2022-05-09,2022-05-13,52793.62109375,54470.671875,53729.57
印度,2022-18,2022-05-02,2022-05-06,54835.578125,56975.98828125,55795.71
印度,2022-17,2022-04-25,2022-04-29,56579.890625,57521.05859375,57067.56
印度,2022-16,2022-04-18,2022-04-22,56463.1484375,57911.6796875,57155.24
印度,2022-15,2022-04-11,2022-04-13,58338.9296875,58964.5703125,58626.62
印度,2022-14,2022-04-04,2022-04-08,59034.94921875,60611.73828125,59776.16
印度,2022-13,2022-03-28,2022-04-01,57593.48828125,59276.69140625,58413.27
印度,2022-12,2022-03-21,2022-03-25,57292.48828125,57989.30078125,57584.9
印度,2022-11,2022-03-14,2022-03-17,55776.8515625,57863.9296875,56735.86
印度,2022-10,2022-03-07,2022-03-11,52842.75,55550.30078125,54385.77
印度,2022-09,2022-02-28,2022-03-04,54333.80859375,56247.28125,55288.17
印度,2022-08,2022-02-21,2022-02-25,54529.91015625,57683.58984375,56520.95
印度,2022-07,2022-02-14,2022-02-18,56405.83984375,58142.05078125,57653.91
印度,2022-06,2022-02-07,2022-02-11,57621.19140625,58926.03125,58194.94
印度,2022-05,2022-01-31,2022-02-04,58014.171875,59558.328125,58773.58
印度,2022-04,2022-01-24,2022-01-28,57200.23046875,57858.1484375,57456.71
印度,2022-03,2022-01-17,2022-01-21,59037.1796875,61308.91015625,60132.88
印度,2022-02,2022-01-10,2022-01-14,60395.62890625,61235.30078125,60924.18
印度,2022-01,2022-01-03,2022-01-07,59183.21875,60223.1484375,59721.76
印度,2021-52,2021-12-27,2021-12-31,57420.23828125,58253.8203125,57834.47
印度,2021-51,2021-12-20,2021-12-24,55822.01171875,57315.28125,56702.23
印度,2021-50,2021-12-13,2021-12-17,57011.73828125,58283.421875,57820.28
印度,2021-49,2021-12-06,2021-12-10,56747.140625,58807.12890625,58124.85
印度,2021-48,2021-11-29,2021-12-03,57064.87109375,58461.2890625,57633.6
印度,2021-47,2021-11-22,2021-11-26,57107.1484375,58795.08984375,58274.69
印度,2021-46,2021-11-15,2021-11-18,59636.01171875,60718.7109375,60171.36
印度,2021-45,2021-11-08,2021-11-12,59919.69140625,60686.69140625,60387.65
印度,2021-44,2021-11-01,2021-11-04,59771.921875,60138.4609375,60001.77
印度,2021-43,2021-10-25,2021-10-29,59306.9296875,61350.26171875,60550.45
印度,2021-42,2021-10-18,2021-10-22,60821.62109375,61765.58984375,61297.34
印度,2021-41,2021-10-11,2021-10-14,60135.78125,61305.94921875,60615.77
印度,2021-40,2021-10-04,2021-10-08,59189.73046875,60059.05859375,59594.16
印度,2021-39,2021-09-27,2021-10-01,58765.578125,60077.87890625,59410.14
印度,2021-38,2021-09-20,2021-09-24,58490.9296875,60048.46875,59271.47
印度,2021-37,2021-09-13,2021-09-17,58177.76171875,59141.16015625,58661.02
印度,2021-36,2021-09-06,2021-09-09,58250.26171875,58305.0703125,58282.93
印度,2021-35,2021-08-30,2021-09-03,56889.76171875,58129.94921875,57552.57
印度,2021-34,2021-08-23,2021-08-27,55555.7890625,56124.71875,55906.56
印度,2021-33,2021-08-16,2021-08-20,55329.3203125,55792.26953125,55583.41
印度,2021-32,2021-08-09,2021-08-13,54402.8515625,55437.2890625,54752.94
印度,2021-31,2021-08-02,2021-08-06,52950.62890625,54492.83984375,53982.86
印度,2021-30,2021-07-26,2021-07-30,52443.7109375,52852.26953125,52622.93
印度,2021-29,2021-07-19,2021-07-23,52198.51171875,52975.80078125,52641.23
印度,2021-28,2021-07-12,2021-07-16,52372.69140625,53158.8515625,52869.08
印度,2021-27,2021-07-05,2021-07-09,52386.19140625,53054.76171875,52750.21
印度,2021-26,2021-06-28,2021-07-02,52318.6015625,52735.58984375,52514.25
印度,2021-25,2021-06-21,2021-06-25,52306.078125,52925.0390625,52618.66
印度,2021-24,2021-06-14,2021-06-18,52323.328125,52773.05078125,52498.87
印度,2021-23,2021-06-07,2021-06-11,51941.640625,52474.76171875,52264.19
印度,2021-22,2021-05-31,2021-06-04,51849.48046875,52232.4296875,52010.86
印度,2021-21,2021-05-24,2021-05-28,50637.53125,51422.87890625,50969.01
印度,2021-20,2021-05-17,2021-05-21,49564.859375,50540.48046875,49956.41
印度,2021-19,2021-05-10,2021-05-14,48690.80078125,49502.41015625,49021.89
印度,2021-18,2021-05-03,2021-05-06,48253.51171875,48949.76171875,48649.84
印度,2021-17,2021-04-26,2021-04-30,48386.51171875,49765.94140625,49122.56
印度,2021-16,2021-04-19,2021-04-23,47705.80078125,48080.671875,47903.59
印度,2021-15,2021-04-12,2021-04-16,47883.37890625,48832.03125,48515.79
印度,2021-14,2021-04-05,2021-04-09,49159.3203125,49746.2109375,49472.0
印度,2021-13,2021-03-30,2021-04-01,49509.1484375,50136.578125,49891.85
印度,2021-12,2021-03-22,2021-03-26,48440.12109375,50051.44140625,49290.33
印度,2021-11,2021-03-15,2021-03-19,49216.51953125,50395.078125,49927.08
印度,2021-10,2021-03-08,2021-03-12,50441.0703125,51279.51171875,50884.54
印度,2021-09,2021-03-01,2021-03-05,49849.83984375,51444.6484375,50568.56
印度,2021-08,2021-02-22,2021-02-26,49099.98828125,51039.30859375,50083.34
印度,2021-07,2021-02-15,2021-02-19,50889.76171875,52154.12890625,51635.32
印度,2021-06,2021-02-08,2021-02-12,51309.390625,51544.30078125,51412.61
印度,2021-05,2021-02-01,2021-02-05,48600.609375,50731.62890625,50000.0
印度,2021-04,2021-01-25,2021-01-29,46285.76953125,48347.58984375,47229.41
印度,2021-03,2021-01-18,2021-01-22,48564.26953125,49792.12109375,49251.6
印度,2021-02,2021-01-11,2021-01-15,49034.671875,49584.16015625,49379.52
印度,2021-01,2021-01-04,2021-01-08,48093.3203125,48782.51171875,48332.89
印度,2021-00,2021-01-01,2021-01-01,47868.98046875,47868.98046875,47868.98
印度,2020-52,2020-12-28,2020-12-31,47353.75,47751.328125,47616.09
印度,2020-51,2020-12-21,2020-12-24,45553.9609375,46973.5390625,46244.59
印度,2020-50,2020-12-14,2020-12-18,46253.4609375,46960.69140625,46606.82
印度,2020-49,2020-12-07,2020-12-11,45426.96875,46103.5,45839.57
印度,2020-48,2020-12-01,2020-12-04,44618.0390625,45079.55078125,44746.42
印度,2020-47,2020-11-23,2020-11-27,43828.1015625,44523.01953125,44167.55
印度,2020-46,2020-11-17,2020-11-20,43599.9609375,44180.05078125,43903.74
印度,2020-45,2020-11-09,2020-11-13,42597.4296875,43593.671875,43253.79
印度,2020-44,2020-11-02,2020-11-06,39757.578125,41893.05859375,40773.61
印度,2020-43,2020-10-26,2020-10-30,39614.0703125,40522.1015625,39990.8
印度,2020-42,2020-10-19,2020-10-23,40431.6015625,40707.30859375,40585.45
印度,2020-41,2020-10-12,2020-10-16,39728.41015625,40794.73828125,40345.09
印度,2020-40,2020-10-05,2020-10-09,38973.69921875,40509.48828125,39823.88
印度,2020-39,2020-09-28,2020-10-01,37973.21875,38697.05078125,38179.96
印度,2020-38,2020-09-21,2020-09-25,36553.6015625,38034.140625,37475.78
印度,2020-37,2020-09-14,2020-09-18,38756.62890625,39302.8515625,38985.9
印度,2020-36,2020-09-07,2020-09-11,38193.921875,38854.55078125,38534.28
印度,2020-35,2020-08-31,2020-09-04,38357.1796875,39086.03125,38792.65
印度,2020-34,2020-08-24,2020-08-28,38799.078125,39467.30859375,39059.53
印度,2020-33,2020-08-17,2020-08-21,38050.78125,38614.7890625,38369.8
印度,2020-32,2020-08-10,2020-08-14,37877.33984375,38407.01171875,38229.31
印度,2020-31,2020-08-03,2020-08-07,36939.6015625,38040.5703125,37671.37
印度,2020-30,2020-07-27,2020-07-31,37606.890625,38492.94921875,37968.35
印度,2020-29,2020-07-20,2020-07-24,37418.98828125,38140.46875,37898.04
印度,2020-28,2020-07-13,2020-07-17,36033.05859375,37020.140625,36454.08
印度,2020-27,2020-07-06,2020-07-10,36329.01171875,36737.69140625,36564.57
印度,2020-26,2020-06-29,2020-07-03,34915.80078125,36021.421875,35431.38
印度,2020-25,2020-06-22,2020-06-26,34842.1015625,35430.4296875,35044.82
印度,2020-24,2020-06-15,2020-06-19,33228.80078125,34731.73046875,33856.34
印度,2020-23,2020-06-08,2020-06-12,33538.37109375,34370.578125,33978.72
印度,2020-22,2020-06-01,2020-06-05,33303.51953125,34287.23828125,33901.31
印度,2020-21,2020-05-26,2020-05-29,30609.30078125,32424.099609375,31709.8
印度,2020-20,2020-05-18,2020-05-22,30028.98046875,30932.900390625,30529.85
印度,2020-19,2020-05-11,2020-05-15,31097.73046875,32008.609375,31432.31
印度,2020-18,2020-05-04,2020-05-08,31443.380859375,31715.349609375,31588.14
印度,2020-17,2020-04-27,2020-04-30,31743.080078125,33717.62109375,32573.85
印度,2020-16,2020-04-20,2020-04-24,30636.7109375,31863.080078125,31370.91
印度,2020-15,2020-04-13,2020-04-17,30379.810546875,31588.720703125,30815.29
印度,2020-14,2020-04-07,2020-04-09,29893.9609375,31159.619140625,30373.6
印度,2020-13,2020-03-30,2020-04-03,27590.94921875,29468.490234375,28441.27
印度,2020-12,2020-03-23,2020-03-27,25981.240234375,29946.76953125,28190.68
印度,2020-11,2020-03-16,2020-03-20,28288.23046875,31390.0703125,29808.57
印度,2020-10,2020-03-09,2020-03-13,32778.140625,35697.3984375,34553.49
印度,2020-09,2020-03-02,2020-03-06,37576.62109375,38623.69921875,38244.89
印度,2020-08,2020-02-24,2020-02-28,38297.2890625,40363.23046875,39715.27
印度,2020-07,2020-02-17,2020-02-20,40894.37890625,41323.0,41110.8
印度,2020-06,2020-02-10,2020-02-14,40979.62109375,41565.8984375,41295.84
印度,2020-05,2020-02-03,2020-02-07,39872.30859375,41306.03125,40850.45
印度,2020-04,2020-01-27,2020-01-31,40723.48828125,41198.66015625,40991.59
印度,2020-03,2020-01-20,2020-01-24,41115.37890625,41613.19140625,41393.54
印度,2020-02,2020-01-13,2020-01-17,41859.69140625,41952.62890625,41912.6
印度,2020-01,2020-01-06,2020-01-10,40676.62890625,41599.71875,41083.18
印度,2020-00,2020-01-02,2020-01-03,41464.609375,41626.640625,41545.63
印度,2019-52,2019-12-30,2019-12-31,41253.73828125,41558.0,41405.87
印度,2019-51,2019-12-23,2019-12-27,41163.76171875,41642.66015625,41460.71
印度,2019-50,2019-12-16,2019-12-20,40938.71875,41681.5390625,41440.98
印度,2019-49,2019-12-09,2019-12-13,40239.87890625,41009.7109375,40546.26
印度,2019-48,2019-12-02,2019-12-06,40445.1484375,40850.2890625,40710.53
印度,2019-47,2019-11-25,2019-11-29,40793.80859375,41130.171875,40931.02
印度,2019-46,2019-11-18,2019-11-22,40284.19140625,40651.640625,40468.02
印度,2019-45,2019-11-11,2019-11-15,40116.05859375,40356.69140625,40276.08
印度,2019-44,2019-11-04,2019-11-08,40248.23046875,40653.73828125,40399.46
印度,2019-43,2019-10-29,2019-11-01,39831.83984375,40165.03125,40044.45
印度,2019-42,2019-10-22,2019-10-25,38963.83984375,39058.828125,39025.28
印度,2019-41,2019-10-14,2019-10-18,38214.46875,39298.37890625,38734.0
印度,2019-40,2019-10-07,2019-10-11,37531.98046875,38177.94921875,37929.35
印度,2019-39,2019-09-30,2019-10-04,37673.30859375,38667.328125,38188.23
印度,2019-38,2019-09-23,2019-09-27,38593.51953125,39097.140625,38918.6
印度,2019-37,2019-09-16,2019-09-20,36093.46875,38014.62109375,36855.27
印度,2019-36,2019-09-09,2019-09-13,37104.28125,37384.98828125,37226.38
印度,2019-35,2019-09-03,2019-09-06,36562.91015625,36981.76953125,36728.46
印度,2019-34,2019-08-26,2019-08-30,37068.9296875,37641.26953125,37397.79
印度,2019-33,2019-08-19,2019-08-23,36472.9296875,37402.48828125,36992.99
印度,2019-32,2019-08-13,2019-08-16,36958.16015625,37350.328125,37206.67
印度,2019-31,2019-08-05,2019-08-09,36690.5,37581.91015625,37055.29
印度,2019-30,2019-07-29,2019-08-02,37018.3203125,37686.37109375,37340.25
印度,2019-29,2019-07-22,2019-07-26,37830.98046875,38031.12890625,37915.06
印度,2019-28,2019-07-15,2019-07-19,38337.01171875,39215.640625,38895.57
印度,2019-27,2019-07-08,2019-07-12,38557.0390625,38823.109375,38713.55
印度,2019-26,2019-07-01,2019-07-05,39513.390625,39908.05859375,39752.74
印度,2019-25,2019-06-24,2019-06-28,39122.9609375,39592.078125,39426.21
印度,2019-24,2019-06-17,2019-06-21,38960.7890625,39601.62890625,39183.2
印度,2019-23,2019-06-10,2019-06-14,39452.0703125,39950.4609375,39737.04
印度,2019-22,2019-06-03,2019-06-07,39529.71875,40267.62109375,39874.19
印度,2019-21,2019-05-27,2019-05-31,39502.05078125,39831.96875,39696.25
印度,2019-20,2019-05-20,2019-05-24,38811.390625,39434.71875,39135.76
印度,2019-19,2019-05-13,2019-05-17,37090.8203125,37930.76953125,37369.7
印度,2019-18,2019-05-06,2019-05-10,37462.98828125,38600.33984375,37937.6
印度,2019-17,2019-04-30,2019-05-03,38963.26171875,39031.55078125,38992.08
印度,2019-16,2019-04-22,2019-04-26,38564.87890625,39067.328125,38812.59
印度,2019-15,2019-04-15,2019-04-18,38905.83984375,39275.640625,39107.25
印度,2019-14,2019-04-08,2019-04-12,38585.3515625,38939.21875,38719.84
印度,2019-13,2019-04-01,2019-04-05,38684.71875,39056.6484375,38870.52
印度,2019-12,2019-03-25,2019-03-28,37808.91015625,38545.71875,38180.23
印度,2019-11,2019-03-18,2019-03-22,38095.0703125,38386.75,38252.47
印度,2019-10,2019-03-11,2019-03-15,37054.1015625,38024.3203125,37624.23
印度,2019-09,2019-03-05,2019-03-08,36442.5390625,36725.421875,36618.87
印度,2019-08,2019-02-25,2019-03-01,35867.44140625,36213.37890625,36004.75
印度,2019-07,2019-02-18,2019-02-22,35352.609375,35898.3515625,35675.43
印度,2019-06,2019-02-11,2019-02-15,35808.94921875,36395.03125,36058.46
印度,2019-05,2019-02-04,2019-02-08,36546.48046875,36975.23046875,36738.47
印度,2019-04,2019-01-28,2019-02-01,35591.25,36469.4296875,35913.31
印度,2019-03,2019-01-21,2019-01-25,36025.5390625,36578.9609375,36270.54
印度,2019-02,2019-01-14,2019-01-18,35853.55859375,36386.609375,36250.77
印度,2019-01,2019-01-07,2019-01-11,35850.16015625,36212.91015625,36032.07
印度,2019-00,2019-01-02,2019-01-04,35513.7109375,35891.51953125,35700.11
印度,2018-53,2018-12-31,2018-12-31,36068.328125,36068.328125,36068.33
印度,2018-52,2018-12-24,2018-12-28,35470.1484375,36076.71875,35751.02
印度,2018-51,2018-12-17,2018-12-21,35742.0703125,36484.328125,36255.04
印度,2018-50,2018-12-10,2018-12-14,34959.71875,35962.9296875,35556.27
印度,2018-49,2018-12-03,2018-12-07,35312.12890625,36241.0,35849.02
印度,2018-48,2018-11-26,2018-11-30,35354.078125,36194.30078125,35789.78
印度,2018-47,2018-11-19,2018-11-22,34981.01953125,35774.87890625,35357.55
印度,2018-46,2018-11-12,2018-11-16,34812.98828125,35457.16015625,35163.43
印度,2018-45,2018-11-05,2018-11-09,34950.921875,35237.6796875,35084.77
印度,2018-44,2018-10-29,2018-11-02,33891.12890625,35011.6484375,34368.84
印度,2018-43,2018-10-22,2018-10-26,33349.30859375,34134.37890625,33810.99
印度,2018-42,2018-10-15,2018-10-19,34315.62890625,35162.48046875,34780.7
印度,2018-41,2018-10-08,2018-10-12,34001.1484375,34760.890625,34453.89
印度,2018-40,2018-10-01,2018-10-05,34376.98828125,36526.140625,35511.98
印度,2018-39,2018-09-24,2018-09-28,36227.140625,36652.05859375,36410.13
印度,2018-38,2018-09-17,2018-09-21,36841.6015625,37585.51171875,37209.75
印度,2018-37,2018-09-10,2018-09-14,37413.12890625,38090.640625,37785.98
印度,2018-36,2018-09-03,2018-09-07,38018.30859375,38389.8203125,38224.28
印度,2018-35,2018-08-27,2018-08-31,38645.0703125,38896.62890625,38729.77
印度,2018-34,2018-08-20,2018-08-24,38251.80078125,38336.76171875,38288.27
印度,2018-33,2018-08-13,2018-08-17,37644.8984375,37947.87890625,37777.08
印度,2018-32,2018-08-06,2018-08-10,37665.80078125,38024.37109375,37827.77
印度,2018-31,2018-07-30,2018-08-03,37165.16015625,37606.578125,37468.78
印度,2018-30,2018-07-23,2018-07-27,36718.6015625,37336.8515625,36944.69
印度,2018-29,2018-07-16,2018-07-20,36323.76953125,36519.9609375,36412.95
印度,2018-28,2018-07-09,2018-07-13,35934.71875,36548.41015625,36306.06
印度,2018-27,2018-07-02,2018-07-06,35264.41015625,35657.859375,35504.16
印度,2018-26,2018-06-25,2018-06-29,35037.640625,35490.0390625,35327.72
印度,2018-25,2018-06-18,2018-06-22,35286.73828125,35689.6015625,35500.86
印度,2018-24,2018-06-11,2018-06-15,35483.46875,35739.16015625,35627.42
印度,2018-23,2018-06-04,2018-06-08,34903.2109375,35463.078125,35200.15
印度,2018-22,2018-05-28,2018-06-01,34906.109375,35322.37890625,35114.09
印度,2018-21,2018-05-21,2018-05-25,34344.91015625,34924.87109375,34640.05
印度,2018-20,2018-05-14,2018-05-18,34848.30078125,35556.7109375,35297.19
印度,2018-19,2018-05-07,2018-05-11,35208.140625,35535.7890625,35305.17
印度,2018-18,2018-04-30,2018-05-04,34915.37890625,35176.421875,35088.83
印度,2018-17,2018-04-23,2018-04-27,34450.76953125,34969.69921875,34650.4
印度,2018-16,2018-04-16,2018-04-20,34305.4296875,34427.2890625,34375.01
印度,2018-15,2018-04-09,2018-04-13,33788.5390625,34192.6484375,33980.6
印度,2018-14,2018-04-02,2018-04-06,33019.0703125,33626.96875,33373.77
印度,2018-13,2018-03-26,2018-03-28,32968.6796875,33174.390625,33069.83
印度,2018-12,2018-03-19,2018-03-23,32596.5390625,33136.1796875,32931.77
印度,2018-11,2018-03-12,2018-03-16,33176.0,33917.94140625,33694.4
印度,2018-10,2018-03-05,2018-03-09,33033.08984375,33746.78125,33351.16
印度,2018-09,2018-02-26,2018-03-01,34046.94140625,34445.75,34255.78
印度,2018-08,2018-02-19,2018-02-23,33703.58984375,34142.1484375,33856.95
印度,2018-07,2018-02-12,2018-02-16,34010.76171875,34300.46875,34191.16
印度,2018-06,2018-02-05,2018-02-09,34005.76171875,34757.16015625,34290.95
印度,2018-05,2018-01-29,2018-02-02,35066.75,36283.25,35851.08
印度,2018-04,2018-01-22,2018-01-25,35798.01171875,36161.640625,36037.52
印度,2018-03,2018-01-15,2018-01-19,34771.05078125,35511.578125,35093.65
印度,2018-02,2018-01-08,2018-01-12,34352.7890625,34592.390625,34464.99
印度,2018-01,2018-01-01,2018-01-05,33793.37890625,34153.8515625,33908.38
印度,2017-52,2017-12-26,2017-12-29,33848.03125,34056.828125,33956.82
印度,2017-51,2017-12-18,2017-12-22,33601.6796875,33940.30078125,33782.48
印度,2017-50,2017-12-11,2017-12-15,33053.0390625,33462.96875,33289.3
印度,2017-49,2017-12-04,2017-12-08,32597.1796875,33250.30078125,32893.77
印度,2017-48,2017-11-27,2017-12-01,32832.94140625,33724.44140625,33385.62
印度,2017-47,2017-11-20,2017-11-24,33359.8984375,33679.23828125,33533.42
印度,2017-46,2017-11-13,2017-11-17,32760.439453125,33342.80078125,33037.1
印度,2017-45,2017-11-06,2017-11-10,33218.80859375,33731.19140625,33377.25
印度,2017-44,2017-10-30,2017-11-03,33213.12890625,33685.55859375,33467.67
印度,2017-43,2017-10-23,2017-10-27,32506.720703125,33157.21875,32892.18
印度,2017-42,2017-10-16,2017-10-19,32389.9609375,32633.640625,32554.28
印度,2017-41,2017-10-09,2017-10-13,31833.990234375,32432.689453125,32044.04
印度,2017-40,2017-10-03,2017-10-06,31497.380859375,31814.220703125,31643.84
印度,2017-39,2017-09-25,2017-09-29,31159.810546875,31626.630859375,31390.48
印度,2017-38,2017-09-18,2017-09-22,31922.439453125,32423.759765625,32303.82
印度,2017-37,2017-09-11,2017-09-15,31882.16015625,32272.609375,32148.35
印度,2017-36,2017-09-04,2017-09-08,31661.970703125,31809.55078125,31704.81
印度,2017-35,2017-08-28,2017-09-01,31388.390625,31892.23046875,31681.68
印度,2017-34,2017-08-21,2017-08-24,31258.849609375,31596.060546875,31428.69
印度,2017-33,2017-08-14,2017-08-18,31449.029296875,31795.4609375,31635.02
印度,2017-32,2017-08-07,2017-08-11,31213.58984375,32273.669921875,31766.12
印度,2017-31,2017-07-31,2017-08-04,32237.880859375,32575.169921875,32426.03
印度,2017-30,2017-07-24,2017-07-28,32228.26953125,32383.30078125,32309.96
印度,2017-29,2017-07-17,2017-07-21,31710.990234375,32074.779296875,31934.88
印度,2017-28,2017-07-10,2017-07-14,31715.640625,32037.380859375,31865.14
印度,2017-27,2017-07-03,2017-07-07,31209.7890625,31369.33984375,31281.39
印度,2017-26,2017-06-27,2017-06-30,30834.3203125,30958.25,30892.92
印度,2017-25,2017-06-19,2017-06-23,31138.2109375,31311.5703125,31264.34
印度,2017-24,2017-06-12,2017-06-16,31056.400390625,31155.91015625,31097.45
印度,2017-23,2017-06-05,2017-06-09,31190.560546875,31309.490234375,31249.35
印度,2017-22,2017-05-29,2017-06-02,31109.279296875,31273.2890625,31165.07
印度,2017-21,2017-05-22,2017-05-26,30301.640625,31028.2109375,30603.22
印度,2017-20,2017-05-15,2017-05-19,30322.119140625,30658.76953125,30492.64
印度,2017-19,2017-05-08,2017-05-12,29926.150390625,30250.98046875,30109.34
印度,2017-18,2017-05-02,2017-05-05,29858.80078125,30126.2109375,29950.25
印度,2017-17,2017-04-24,2017-04-28,29655.83984375,30133.349609375,29936.11
印度,2017-16,2017-04-17,2017-04-21,29319.099609375,29422.390625,29371.4
印度,2017-15,2017-04-10,2017-04-13,29461.44921875,29788.349609375,29617.25
印度,2017-14,2017-04-03,2017-04-07,29706.609375,29974.240234375,29879.6
印度,2017-13,2017-03-27,2017-03-31,29237.150390625,29647.419921875,29489.2
印度,2017-12,2017-03-20,2017-03-24,29167.6796875,29518.740234375,29385.09
印度,2017-11,2017-03-14,2017-03-17,29398.109375,29648.990234375,29518.9
印度,2017-10,2017-03-06,2017-03-10,28901.939453125,29048.189453125,28965.01
印度,2017-09,2017-02-27,2017-03-03,28743.3203125,28984.490234375,28842.59
印度,2017-08,2017-02-20,2017-02-23,28661.580078125,28892.970703125,28795.21
印度,2017-07,2017-02-13,2017-02-17,28155.560546875,28468.75,28323.3
印度,2017-06,2017-02-06,2017-02-10,28289.919921875,28439.279296875,28345.66
印度,2017-05,2017-01-30,2017-02-03,27655.9609375,28240.51953125,28022.86
印度,2017-04,2017-01-23,2017-01-27,27117.33984375,27882.4609375,27520.88
印度,2017-03,2017-01-16,2017-01-20,27034.5,27308.599609375,27224.91
印度,2017-02,2017-01-09,2017-01-13,26726.55078125,27247.16015625,27050.35
印度,2017-01,2017-01-02,2017-01-06,26595.44921875,26878.240234375,26701.86
印度,2016-52,2016-12-26,2016-12-30,25807.099609375,26626.4609375,26244.77
印度,2016-51,2016-12-19,2016-12-23,25979.599609375,26374.69921875,26189.07
印度,2016-50,2016-12-12,2016-12-16,26489.560546875,26697.8203125,26564.91
印度,2016-49,2016-12-05,2016-12-09,26236.869140625,26747.1796875,26484.04
印度,2016-48,2016-11-28,2016-12-02,26230.66015625,26652.810546875,26437.51
印度,2016-47,2016-11-21,2016-11-25,25765.140625,26316.33984375,25990.85
印度,2016-46,2016-11-15,2016-11-18,26150.240234375,26304.630859375,26245.29
印度,2016-45,2016-11-07,2016-11-11,26818.8203125,27591.140625,27327.83
印度,2016-44,2016-11-01,2016-11-04,27274.150390625,27876.609375,27527.06
印度,2016-43,2016-10-24,2016-10-28,27836.509765625,28179.080078125,27992.88
印度,2016-42,2016-10-17,2016-10-21,27529.970703125,28129.83984375,27954.45
印度,2016-41,2016-10-10,2016-10-14,27643.109375,28082.33984375,27799.68
印度,2016-40,2016-10-03,2016-10-07,28061.140625,28334.55078125,28193.23
印度,2016-39,2016-09-26,2016-09-30,27827.529296875,28294.279296875,28100.86
印度,2016-38,2016-09-19,2016-09-23,28507.419921875,28773.130859375,28621.29
印度,2016-37,2016-09-12,2016-09-16,28353.5390625,28599.029296875,28434.42
印度,2016-36,2016-09-06,2016-09-09,28797.25,29045.279296875,28936.73
印度,2016-35,2016-08-29,2016-09-02,27902.66015625,28532.109375,28330.69
印度,2016-34,2016-08-22,2016-08-26,27782.25,28059.939453125,27930.77
印度,2016-33,2016-08-16,2016-08-19,28005.369140625,28123.439453125,28067.6
印度,2016-32,2016-08-08,2016-08-12,27774.880859375,28182.5703125,28010.92
印度,2016-31,2016-08-01,2016-08-05,27697.509765625,28078.349609375,27895.01
印度,2016-30,2016-07-25,2016-07-29,27976.51953125,28208.619140625,28071.33
印度,2016-29,2016-07-18,2016-07-22,27710.51953125,27915.890625,27792.79
印度,2016-28,2016-07-11,2016-07-15,27626.689453125,27942.109375,27805.72
印度,2016-27,2016-07-04,2016-07-08,27126.900390625,27278.759765625,27193.5
印度,2016-26,2016-06-27,2016-07-01,26402.9609375,27144.91015625,26762.51
印度,2016-25,2016-06-20,2016-06-24,26397.7109375,27002.220703125,26769.06
印度,2016-24,2016-06-13,2016-06-17,26395.7109375,26726.33984375,26534.04
印度,2016-23,2016-06-06,2016-06-10,26635.75,27020.66015625,26841.4
印度,2016-22,2016-05-30,2016-06-03,26667.9609375,26843.140625,26758.73
印度,2016-21,2016-05-23,2016-05-27,25230.359375,26653.599609375,25887.46
印度,2016-20,2016-05-16,2016-05-20,25301.900390625,25773.609375,25566.61
印度,2016-19,2016-05-09,2016-05-13,25489.5703125,25790.220703125,25667.64
印度,2016-18,2016-05-02,2016-05-06,25101.73046875,25436.970703125,25251.82
印度,2016-17,2016-04-25,2016-04-29,25603.099609375,26064.119140625,25792.01
印度,2016-16,2016-04-18,2016-04-22,25816.359375,25880.380859375,25844.77
印度,2016-15,2016-04-11,2016-04-13,25022.16015625,25626.75,25264.83
印度,2016-14,2016-04-08,2016-04-08,24673.83984375,24673.83984375,24673.84
原油(WTI),2026-16,2026-04-20,2026-04-22,86.70999908447266,94.69000244140625,90.28
原油(WTI),2026-15,2026-04-13,2026-04-17,84.0,97.16999816894531,90.74
原油(WTI),2026-14,2026-04-06,2026-04-12,95.62999725341797,115.26000213623047,101.13
原油(WTI),2026-13,2026-03-30,2026-04-05,100.12000274658203,111.56999969482422,105.5
原油(WTI),2026-12,2026-03-23,2026-03-27,88.12999725341797,99.63999938964844,92.98
原油(WTI),2026-11,2026-03-16,2026-03-20,93.5,98.31999969482422,96.1
原油(WTI),2026-10,2026-03-09,2026-03-13,83.44999694824219,98.70999908447266,91.98
